{
   "C_para": [
      1.0,
      1.0,
      1.0,
      1.0,
      1.0,
      1.0,
      1.0,
      1.0,
      1.0,
      1.0,
      1.0,
      1.0,
      1.0,
      1.0,
      1.0,
      1.0,
      1.0,
      1.0
   ],
   "penalty_para": [
      "l2",
      "l2",
      "l2",
      "l2",
      "l2",
      "l2",
      "l2",
      "l2",
      "l2",
      "l2",
      "l2",
      "l2",
      "l2",
      "l2",
      "l2",
      "l2",
      "l2",
      "l2"
   ],
   "score": [
      0.4584308297515845,
      0.41037662999927155,
      0.44655642165076126,
      0.49188752094412463,
      0.4163211189626284,
      0.63713848619509,
      0.43843520069935166,
      0.5669702047060537,
      0.5016128797260873,
      0.5172827274714067,
      0.47838274932614555,
      0.5005361695927734,
      0.5491425657463394,
      0.5458891236249725,
      0.5529030378086982,
      0.6490158082610913,
      0.7073592190573323,
      0.711667516573177
   ]
}